audio_id,score_name,pc,mae,aae,pcs,perceptual
schubert-winterreise-audio_22,schubert-winterreise-score_22,0.6811594202898551,0.18999999999999773,0.2988405797101445,0.8887674825174827,0.5706097650621436
